{"summary": {"average": 3.8266666666666667, "count": 75, "sortable": 3.5620352304827025}, "counts": {"1": 4, "2": 5, "3": 16, "4": 25, "5": 25}}